{"Loss": 4357849.0, "_timestamp": 1691219609.2220232, "_runtime": 263.9000573158264, "_step": 399, "_wandb": {"runtime": 262}}