{"Loss": 36304860.0, "_timestamp": 1691220006.122752, "_runtime": 263.6470470428467, "_step": 399, "_wandb": {"runtime": 263}}