{"Loss": 36304860.0, "_timestamp": 1691218455.8594952, "_runtime": 262.4343030452728, "_step": 399, "_wandb": {"runtime": 261}}