{"Loss": 1847187603456.0, "_timestamp": 1691069413.8375826, "_runtime": 99.79484748840332, "_step": 149, "_wandb": {"runtime": 98}}