{"Loss": 3086538240.0, "_timestamp": 1691074684.456366, "_runtime": 96.10394310951233, "_step": 149, "_wandb": {"runtime": 94}}