{"Loss": 61506736.0, "_timestamp": 1691066381.8089156, "_runtime": 69.59515070915222, "_step": 99, "_wandb": {"runtime": 68}}