{"Loss": 0.06499383598566055, "_timestamp": 1691217110.5689635, "_runtime": 307.9076955318451, "_step": 399, "_wandb": {"runtime": 307}}