{"Loss": 248137536.0, "_timestamp": 1691065910.3146665, "_runtime": 73.07177257537842, "_step": 99, "_wandb": {"runtime": 71}}