{"Loss": 180036.859375, "_timestamp": 1690907462.7416923, "_runtime": 89.39645218849182, "_step": 999, "_wandb": {"runtime": 88}}