{"Loss": 12743507968.0, "_timestamp": 1691069165.078911, "_runtime": 134.98560214042664, "_step": 199, "_wandb": {"runtime": 132}}