{"Loss": 0.06253719329833984, "_timestamp": 1691216070.8051004, "_runtime": 138.03486251831055, "_step": 199, "_wandb": {"runtime": 138}}