{"Loss": 284898368.0, "_timestamp": 1691079258.2409132, "_runtime": 123.7968201637268, "_step": 199, "_wandb": {"runtime": 123}}