{"Loss": 3086538240.0, "_timestamp": 1691074503.5657017, "_runtime": 94.29126262664795, "_step": 149, "_wandb": {"runtime": 93}}