{"Loss": 482527936.0, "_timestamp": 1691066127.123978, "_runtime": 65.39853882789612, "_step": 99, "_wandb": {"runtime": 64}}