{"Loss": 73438344.0, "_timestamp": 1691079697.0230994, "_runtime": 125.76666331291199, "_step": 199, "_wandb": {"runtime": 125}}