{"Loss": 18478.357421875, "_timestamp": 1691069608.2565546, "_runtime": 99.46257257461548, "_step": 149, "_wandb": {"runtime": 98}}