{"Loss": 495009152.0, "_timestamp": 1691078229.937639, "_runtime": 125.65468907356262, "_step": 199, "_wandb": {"runtime": 125}}