{"Loss": 3095541504.0, "_timestamp": 1691067718.2890213, "_runtime": 72.71418619155884, "_step": 99, "_wandb": {"runtime": 69}}