{"Loss": 1038.859375, "_timestamp": 1691073726.5969243, "_runtime": 97.29161024093628, "_step": 149, "_wandb": {"runtime": 95}}