{"Loss": 180036.953125, "_timestamp": 1690907538.9467318, "_runtime": 99.85170078277588, "_step": 999, "_wandb": {"runtime": 100}}